ReqNumber,OrderNumber,BatchLoad
60837244,41100386,27/08/2025
60836957,41099793,27/08/2025
60836792,41098571,27/08/2025
60836622,41098573,27/08/2025
60836587,41100142,27/08/2025
60836587,41100142,27/08/2025
60836587,41100142,27/08/2025
60836587,41100142,27/08/2025
60836555,41098572,27/08/2025
60836472,41101887,27/08/2025
60836425,41100072,27/08/2025
60836402,41098268,27/08/2025
60836010,41097042,27/08/2025
60836010,41097042,27/08/2025
60835747,41098267,27/08/2025
60835691,41097050,27/08/2025
60835689,41097041,27/08/2025
60835646,41096722,27/08/2025
60835645,41096799,27/08/2025
60835640,41096208,27/08/2025
60835498,41096322,27/08/2025
60835476,41095862,27/08/2025
60835190,41096685,27/08/2025
60835090,41103381,27/08/2025
60835090,41103381,27/08/2025
60834968,41095579,27/08/2025
60834954,41095618,27/08/2025
60834952,41095400,27/08/2025
60834951,41095391,27/08/2025
60834943,41095394,27/08/2025
60834842,41095397,27/08/2025
60834528,41095362,27/08/2025
60834518,41096274,27/08/2025
60834260,41093901,27/08/2025
60834175,41093470,27/08/2025
60834155,41093582,27/08/2025
60834136,41093990,27/08/2025
60834077,41101757,27/08/2025
60834021,41093581,27/08/2025
60833965,41093647,27/08/2025
60833871,41093467,27/08/2025
60833551,41093022,27/08/2025
60833462,41093630,27/08/2025
60833448,41095389,27/08/2025
60833433,41092606,27/08/2025
60833361,41091890,27/08/2025
60832949,41092835,27/08/2025
60832938,41092836,27/08/2025
60832924,41093419,27/08/2025
60832873,41093826,27/08/2025
60832873,41093826,27/08/2025
60832873,41093826,27/08/2025
60832764,41093548,27/08/2025
60832762,41092878,27/08/2025
60832756,41092873,27/08/2025
60832753,41092877,27/08/2025
60832675,41091556,27/08/2025
60832669,41091555,27/08/2025
60832625,41091554,27/08/2025
60832612,41092278,27/08/2025
60832596,41092879,27/08/2025
60832577,41092627,27/08/2025
60832577,41092627,27/08/2025
60832577,41092627,27/08/2025
60832565,41092625,27/08/2025
60832565,41092625,27/08/2025
60832565,41092625,27/08/2025
60832547,41092756,27/08/2025
60832365,41090313,27/08/2025
60832263,41089977,27/08/2025
60832263,41089977,27/08/2025
60832188,41092364,27/08/2025
60831707,41090324,27/08/2025
60831700,41090322,27/08/2025
60831627,41090310,27/08/2025
60831617,41090323,27/08/2025
60831611,41090274,27/08/2025
60831478,41088638,27/08/2025
60831478,41088638,27/08/2025
60831469,41088777,27/08/2025
60831465,41088778,27/08/2025
60831461,41091715,27/08/2025
60831444,41092605,27/08/2025
60831444,41092605,27/08/2025
60831429,41090314,27/08/2025
60831425,41091702,27/08/2025
60831298,41088446,27/08/2025
60831181,41088495,27/08/2025
60831134,41088556,27/08/2025
60831088,41092275,27/08/2025
60831037,41091689,27/08/2025
60831037,41091689,27/08/2025
60830958,41091106,27/08/2025
60830954,41087773,27/08/2025
60830757,41094322,27/08/2025
60830613,41097048,27/08/2025
60830302,41087476,27/08/2025
60830173,41086269,27/08/2025
60830129,41088253,27/08/2025
60829968,41086505,27/08/2025
60829800,41092597,27/08/2025
60829727,41089207,27/08/2025
60829727,41089207,27/08/2025
60829706,41086229,27/08/2025
60829687,41086266,27/08/2025
60829604,41085205,27/08/2025
60829561,41087377,27/08/2025
60829550,41091545,27/08/2025
60829461,41085597,27/08/2025
60829443,41085537,27/08/2025
60829443,41085537,27/08/2025
60829443,41085537,27/08/2025
60829443,41085537,27/08/2025
60829428,41084786,27/08/2025
60829428,41084786,27/08/2025
60829372,41085534,27/08/2025
60829369,41085533,27/08/2025
60829369,41085533,27/08/2025
60829369,41085533,27/08/2025
60829354,41084744,27/08/2025
60829233,41086267,27/08/2025
60829221,41084743,27/08/2025
60829215,41086310,27/08/2025
60829210,41085810,27/08/2025
60829202,41084324,27/08/2025
60829143,41084889,27/08/2025
60829099,41084096,27/08/2025
60828865,41083870,27/08/2025
60828865,41083870,27/08/2025
60828852,41086230,27/08/2025
60828816,41083669,27/08/2025
60828614,41083401,27/08/2025
60828496,41082999,27/08/2025
60828489,41088205,27/08/2025
60828408,41083623,27/08/2025
60828128,41084890,27/08/2025
60828038,41083483,27/08/2025
60827884,41085046,27/08/2025
60827877,41082830,27/08/2025
60827847,41082680,27/08/2025
60827610,41081888,27/08/2025
60827586,41082676,27/08/2025
60827372,41081483,27/08/2025
60827322,41081742,27/08/2025
60827293,41081152,27/08/2025
60827267,41081300,27/08/2025
60827251,41081783,27/08/2025
60827194,41082726,27/08/2025
60827110,41083869,27/08/2025
60827063,41080817,27/08/2025
60826976,41080929,27/08/2025
60826934,41080941,27/08/2025
60826884,41080829,27/08/2025
60826523,41083612,27/08/2025
60826503,41079994,27/08/2025
60826476,41079954,27/08/2025
60826433,41080036,27/08/2025
60826387,41079953,27/08/2025
60826301,41079270,27/08/2025
60826246,41104339,27/08/2025
60826243,41079226,27/08/2025
60826243,41079226,27/08/2025
60826243,41079226,27/08/2025
60826243,41079226,27/08/2025
60826243,41079226,27/08/2025
60826243,41079226,27/08/2025
60826152,41079394,27/08/2025
60826127,41079441,27/08/2025
60826114,41079442,27/08/2025
60826043,41078665,27/08/2025
60826042,41078657,27/08/2025
60825861,41078925,27/08/2025
60825777,41078685,27/08/2025
60825777,41078685,27/08/2025
60825777,41078685,27/08/2025
60825777,41078685,27/08/2025
60825777,41078685,27/08/2025
60825532,41079536,27/08/2025
60825522,41078519,27/08/2025
60825449,41077622,27/08/2025
60825449,41077622,27/08/2025
60825438,41077521,27/08/2025
60825309,41077645,27/08/2025
60825285,41077644,27/08/2025
60825285,41077644,27/08/2025
60825285,41077644,27/08/2025
60824871,41076763,27/08/2025
60824790,41076711,27/08/2025
60824549,41076328,27/08/2025
60824503,41076344,27/08/2025
60824351,41076377,27/08/2025
60824339,41075653,27/08/2025
60824331,41076234,27/08/2025
60824279,41075917,27/08/2025
60824227,41076732,27/08/2025
60824209,41080692,27/08/2025
60824155,41075499,27/08/2025
60824149,41077642,27/08/2025
60824149,41077642,27/08/2025
60824143,41081906,27/08/2025
60824143,41081906,27/08/2025
60824143,41081906,27/08/2025
60824118,41076161,27/08/2025
60824057,41075131,27/08/2025
60824054,41075903,27/08/2025
60824047,41075495,27/08/2025
60823788,41075857,27/08/2025
60823737,41076078,27/08/2025
60823737,41076078,27/08/2025
60823737,41076078,27/08/2025
60823737,41076078,27/08/2025
60823737,41076078,27/08/2025
60823737,41076078,27/08/2025
60823737,41076078,27/08/2025
60823716,41074829,27/08/2025
60823673,41074661,27/08/2025
60823667,41074660,27/08/2025
60823589,41075133,27/08/2025
60823497,41087182,27/08/2025
60823425,41079207,27/08/2025
60823390,41074110,27/08/2025
60823361,41074551,27/08/2025
60823361,41074551,27/08/2025
60823361,41074551,27/08/2025
60823361,41074551,27/08/2025
60823346,41082448,27/08/2025
60823346,41082448,27/08/2025
60823332,41073877,27/08/2025
60823317,41079526,27/08/2025
60823223,41074118,27/08/2025
60823142,41077641,27/08/2025
60823142,41077641,27/08/2025
60823142,41077641,27/08/2025
60823139,41073876,27/08/2025
60823138,41073485,27/08/2025
60823137,41073481,27/08/2025
60823116,41073563,27/08/2025
60823112,41073447,27/08/2025
60823080,41074597,27/08/2025
60822793,41073591,27/08/2025
60822698,41073048,27/08/2025
60822697,41072855,27/08/2025
60822588,41112798,27/08/2025
60822524,41087181,27/08/2025
60822518,41072854,27/08/2025
60822508,41076158,27/08/2025
60822423,41072399,27/08/2025
60822378,41072376,27/08/2025
60822377,41073579,27/08/2025
60822310,41072092,27/08/2025
60822278,41072133,27/08/2025
60821631,41070765,27/08/2025
60821624,41070764,27/08/2025
60821623,41070762,27/08/2025
60821438,41072859,27/08/2025
60821386,41070428,27/08/2025
60821100,41072280,27/08/2025
60821064,41070758,27/08/2025
60821005,41069689,27/08/2025
60820699,41069175,27/08/2025
60820699,41069175,27/08/2025
60820699,41069175,27/08/2025
60820699,41069175,27/08/2025
60820699,41069175,27/08/2025
60820699,41069175,27/08/2025
60820618,41068396,27/08/2025
60820554,41072859,27/08/2025
60820554,41072859,27/08/2025
60820554,41072859,27/08/2025
60820554,41072859,27/08/2025
60820554,41072859,27/08/2025
60820520,41073624,27/08/2025
60820520,41073624,27/08/2025
60820518,41072854,27/08/2025
60820489,41068617,27/08/2025
60820259,41073666,27/08/2025
60820259,41073666,27/08/2025
60820259,41073666,27/08/2025
60820259,41073666,27/08/2025
60820195,41068018,27/08/2025
60820138,41068280,27/08/2025
60820108,41100209,27/08/2025
60819965,41071288,27/08/2025
60819949,41067618,27/08/2025
60819943,41067806,27/08/2025
60819927,41068074,27/08/2025
60819631,41066864,27/08/2025
60819631,41066864,27/08/2025
60819627,41067000,27/08/2025
60819513,41067428,27/08/2025
60819424,41066767,27/08/2025
60819417,41067044,27/08/2025
60819356,41066561,27/08/2025
60819331,41072091,27/08/2025
60819328,41068017,27/08/2025
60819166,41067043,27/08/2025
60819074,41065844,27/08/2025
60818923,41065546,27/08/2025
60818856,41067112,27/08/2025
60818740,41065339,27/08/2025
60818740,41065339,27/08/2025
60818673,41067415,27/08/2025
60818629,41067792,27/08/2025
60818625,41067671,27/08/2025
60818312,41064708,27/08/2025
60818289,41068275,27/08/2025
60818289,41068275,27/08/2025
60818078,41064386,27/08/2025
60818020,41064286,27/08/2025
60818020,41064286,27/08/2025
60818011,41064283,27/08/2025
60817801,41063494,27/08/2025
60817801,41063494,27/08/2025
60817641,41063060,27/08/2025
60817641,41063060,27/08/2025
60817577,41063370,27/08/2025
60817558,41063049,27/08/2025
60817527,41063100,27/08/2025
60817437,41064727,27/08/2025
60817127,41064110,27/08/2025
60817122,41062223,27/08/2025
60817071,41063371,27/08/2025
60817026,41065212,27/08/2025
60817026,41065212,27/08/2025
60817026,41065212,27/08/2025
60817010,41061761,27/08/2025
60816885,41076794,27/08/2025
60816767,41062509,27/08/2025
60816753,41061272,27/08/2025
60816644,41061132,27/08/2025
60816644,41061132,27/08/2025
60816549,41061064,27/08/2025
60816549,41061064,27/08/2025
60816549,41061064,27/08/2025
60816320,41060725,27/08/2025
60816241,41060528,27/08/2025
60815924,41060529,27/08/2025
60815921,41059921,27/08/2025
60815917,41063489,27/08/2025
60815917,41063489,27/08/2025
60815912,41059922,27/08/2025
60815799,41059512,27/08/2025
60815799,41059512,27/08/2025
60815799,41059512,27/08/2025
60815663,41059662,27/08/2025
60815663,41059662,27/08/2025
60815652,41059262,27/08/2025
60815618,41059261,27/08/2025
60815614,41059924,27/08/2025
60815570,41059259,27/08/2025
60815539,41063589,27/08/2025
60815525,41059260,27/08/2025
60815520,41059263,27/08/2025
60815477,41060502,27/08/2025
60815473,41070650,27/08/2025
60815448,41060498,27/08/2025
60815433,41059923,27/08/2025
60815369,41058957,27/08/2025
60815369,41058957,27/08/2025
60815369,41058957,27/08/2025
60815367,41058697,27/08/2025
60815367,41058698,27/08/2025
60815367,41058697,27/08/2025
60815249,41060947,27/08/2025
60815036,41058869,27/08/2025
60814987,41059944,27/08/2025
60814954,41058253,27/08/2025
60814948,41058346,27/08/2025
60814941,41058372,27/08/2025
60814933,41058465,27/08/2025
60814922,41058380,27/08/2025
60814733,41069617,27/08/2025
60814728,41058115,27/08/2025
60814588,41060564,27/08/2025
60814484,41061234,27/08/2025
60814407,41056987,27/08/2025
60814325,41057732,27/08/2025
60814325,41057732,27/08/2025
60814325,41057732,27/08/2025
60814325,41057732,27/08/2025
60814325,41057732,27/08/2025
60814325,41057732,27/08/2025
60814325,41057732,27/08/2025
60814325,41057732,27/08/2025
60814325,41057732,27/08/2025
60814317,41057521,27/08/2025
60814201,41065549,27/08/2025
60814168,41056764,27/08/2025
60814163,41056763,27/08/2025
60814160,41056762,27/08/2025
60814152,41056659,27/08/2025
60814149,41061179,27/08/2025
60814126,41060946,27/08/2025
60814126,41060946,27/08/2025
60814098,41056765,27/08/2025
60814076,41056478,27/08/2025
60814073,41058581,27/08/2025
60814026,41056773,27/08/2025
60813981,41056090,27/08/2025
60813939,41057094,27/08/2025
60813833,41058068,27/08/2025
60813800,41056296,27/08/2025
60813728,41058066,27/08/2025
60813713,41056199,27/08/2025
60813544,41055904,27/08/2025
60813430,41056657,27/08/2025
60813346,41055821,27/08/2025
60813085,41058266,27/08/2025
60812902,41054452,27/08/2025
60812897,41054453,27/08/2025
60812876,41053983,27/08/2025
60812874,41056656,27/08/2025
60812866,41054331,27/08/2025
60812825,41053984,27/08/2025
60812819,41055882,27/08/2025
60812670,41053939,27/08/2025
60812629,41053814,27/08/2025
60811977,41059145,27/08/2025
60811873,41054135,27/08/2025
60811814,41052237,27/08/2025
60811780,41052959,27/08/2025
60811769,41052863,27/08/2025
60811707,41052234,27/08/2025
60811693,41053018,27/08/2025
60811513,41051662,27/08/2025
60811476,41054596,27/08/2025
60811391,41051527,27/08/2025
60811288,41051381,27/08/2025
60811007,41054044,27/08/2025
60810977,41050416,27/08/2025
60810977,41050416,27/08/2025
60810974,41064730,27/08/2025
60810969,41055905,27/08/2025
60810868,41054432,27/08/2025
60810785,41049808,27/08/2025
60810785,41049808,27/08/2025
60810756,41049765,27/08/2025
60810756,41049766,27/08/2025
60810756,41049766,27/08/2025
60810628,41050054,27/08/2025
60810628,41050054,27/08/2025
60810628,41050054,27/08/2025
60810550,41051160,27/08/2025
60810547,41057853,27/08/2025
60810532,41049379,27/08/2025
60810509,41055019,27/08/2025
60810487,41058252,27/08/2025
60810478,41049541,27/08/2025
60810478,41049541,27/08/2025
60810470,41049542,27/08/2025
60810450,41049939,27/08/2025
60810422,41049630,27/08/2025
60810404,41050040,27/08/2025
60810404,41050040,27/08/2025
60810381,41049669,27/08/2025
60810299,41049641,27/08/2025
60810230,41049124,27/08/2025
60810230,41049124,27/08/2025
60810222,41050131,27/08/2025
60810222,41050131,27/08/2025
60810222,41050131,27/08/2025
60810222,41050131,27/08/2025
60810222,41050131,27/08/2025
60810132,41050199,27/08/2025
60810128,41050223,27/08/2025
60809918,41048418,27/08/2025
60809868,41048482,27/08/2025
60809786,41048889,27/08/2025
60809489,41047995,27/08/2025
60809428,41048011,27/08/2025
60809353,41047203,27/08/2025
60809311,41048815,27/08/2025
60809254,41047732,27/08/2025
60809150,41048816,27/08/2025
60809120,41047740,27/08/2025
60809110,41047738,27/08/2025
60809106,41046766,27/08/2025
60809101,41048439,27/08/2025
60809052,41050715,27/08/2025
60809052,41050715,27/08/2025
60808927,41046679,27/08/2025
60808886,41046948,27/08/2025
60808884,41046344,27/08/2025
60808884,41046344,27/08/2025
60808884,41046344,27/08/2025
60808884,41046344,27/08/2025
60808884,41046344,27/08/2025
60808846,41050039,27/08/2025
60808790,41048942,27/08/2025
60808790,41048942,27/08/2025
60808790,41048942,27/08/2025
60808740,41046677,27/08/2025
60808707,41045961,27/08/2025
60808653,41048944,27/08/2025
60808647,41048645,27/08/2025
60808645,41046712,27/08/2025
60808641,41046711,27/08/2025
60808631,41048441,27/08/2025
60808609,41046370,27/08/2025
60808549,41045975,27/08/2025
60808517,41045798,27/08/2025
60808515,41045730,27/08/2025
60808512,41045571,27/08/2025
60808507,41046519,27/08/2025
60808506,41046516,27/08/2025
60808468,41045509,27/08/2025
60808245,41045742,27/08/2025
60808234,41046958,27/08/2025
60808227,41045060,27/08/2025
60807989,41044630,27/08/2025
60807989,41044630,27/08/2025
60807989,41044630,27/08/2025
60807959,41044587,27/08/2025
60807941,41044462,27/08/2025
60807821,41046960,27/08/2025
60807816,41046959,27/08/2025
60807812,41044238,27/08/2025
60807812,41044238,27/08/2025
60807812,41044238,27/08/2025
60807677,41055016,27/08/2025
60807609,41044266,27/08/2025
60807542,41044874,27/08/2025
60807542,41044874,27/08/2025
60807542,41044874,27/08/2025
60807542,41044874,27/08/2025
60807542,41044874,27/08/2025
60807224,41044083,27/08/2025
60807224,41044084,27/08/2025
60807170,41043519,27/08/2025
60807131,41043351,27/08/2025
60806795,41042555,27/08/2025
60806618,41041983,27/08/2025
60806578,41042015,27/08/2025
60806578,41042015,27/08/2025
60806578,41042015,27/08/2025
60806554,41042454,27/08/2025
60806475,41041719,27/08/2025
60806266,41041372,27/08/2025
60805964,41048287,27/08/2025
60805945,41044239,27/08/2025
60805912,41040658,27/08/2025
60805912,41040658,27/08/2025
60805902,41040656,27/08/2025
60805902,41040656,27/08/2025
60805902,41040656,27/08/2025
60805902,41040656,27/08/2025
60805902,41040656,27/08/2025
60805808,41040546,27/08/2025
60805667,41040201,27/08/2025
60805667,41040202,27/08/2025
60805667,41040202,27/08/2025
60805667,41040201,27/08/2025
60805667,41040202,27/08/2025
60805667,41040201,27/08/2025
60805667,41040544,27/08/2025
60805641,41044267,27/08/2025
60805583,41040002,27/08/2025
60805583,41040002,27/08/2025
60805566,41040545,27/08/2025
60805559,41040668,27/08/2025
60805501,41040047,27/08/2025
60805501,41040047,27/08/2025
60805451,41048329,27/08/2025
60805376,41039830,27/08/2025
60805207,41040878,27/08/2025
60805169,41039575,27/08/2025
60804929,41040137,27/08/2025
60804813,41068548,27/08/2025
60804587,41038435,27/08/2025
60804536,41038533,27/08/2025
60804430,41049908,27/08/2025
60804332,41043367,27/08/2025
60804325,41041718,27/08/2025
60804012,41037413,27/08/2025
60804012,41037413,27/08/2025
60804012,41037413,27/08/2025
60803785,41037418,27/08/2025
60803785,41037418,27/08/2025
60803785,41037418,27/08/2025
60803785,41037418,27/08/2025
60803785,41037418,27/08/2025
60803785,41037418,27/08/2025
60803785,41037418,27/08/2025
60803785,41037418,27/08/2025
60803785,41037418,27/08/2025
60803633,41036754,27/08/2025
60803624,41036566,27/08/2025
60803548,41036260,27/08/2025
60803479,41036498,27/08/2025
60803379,41036161,27/08/2025
60803379,41036161,27/08/2025
60803379,41036161,27/08/2025
60803379,41036161,27/08/2025
60803379,41036161,27/08/2025
60803202,41035665,27/08/2025
60803133,41043140,27/08/2025
60802857,41035242,27/08/2025
60802852,41035645,27/08/2025
60802852,41035645,27/08/2025
60802852,41035645,27/08/2025
60802852,41035645,27/08/2025
60802852,41035645,27/08/2025
60802852,41035645,27/08/2025
60802852,41035645,27/08/2025
60802850,41038915,27/08/2025
60802751,41035032,27/08/2025
60802751,41035032,27/08/2025
60802751,41035032,27/08/2025
60802751,41035032,27/08/2025
60802751,41035032,27/08/2025
60802457,41034335,27/08/2025
60802313,41040055,27/08/2025
60802260,41034412,27/08/2025
60802240,41035350,27/08/2025
60801794,41032819,27/08/2025
60801745,41032965,27/08/2025
60801745,41032965,27/08/2025
60801675,41032779,27/08/2025
60801629,41032996,27/08/2025
60801591,41033244,27/08/2025
60801454,41038522,27/08/2025
60800922,41032437,27/08/2025
60800922,41032437,27/08/2025
60800922,41032437,27/08/2025
60800922,41032437,27/08/2025
60800788,41031823,27/08/2025
60800779,41031821,27/08/2025
60800771,41031088,27/08/2025
60800736,41031071,27/08/2025
60800631,41031332,27/08/2025
60800597,41042556,27/08/2025
60800589,41031253,27/08/2025
60800576,41030909,27/08/2025
60800563,41030910,27/08/2025
60800563,41030910,27/08/2025
60800557,41031072,27/08/2025
60800555,41030912,27/08/2025
60800437,41031296,27/08/2025
60800432,41038526,27/08/2025
60800395,41031178,27/08/2025
60800395,41031178,27/08/2025
60800395,41031178,27/08/2025
60800395,41031178,27/08/2025
60800395,41031178,27/08/2025
60800395,41031178,27/08/2025
60800395,41031178,27/08/2025
60800395,41031178,27/08/2025
60800395,41031178,27/08/2025
60800395,41031178,27/08/2025
60800321,41030299,27/08/2025
60800316,41030298,27/08/2025
60800284,41030280,27/08/2025
60800281,41030300,27/08/2025
60800274,41030174,27/08/2025
60800213,41030684,27/08/2025
60800175,41030270,27/08/2025
60800175,41030270,27/08/2025
60800153,41031302,27/08/2025
60800137,41030302,27/08/2025
60800137,41030302,27/08/2025
60800137,41030302,27/08/2025
60799996,41030324,27/08/2025
60799658,41029899,27/08/2025
60799629,41029898,27/08/2025
60799623,41029891,27/08/2025
60799580,41029789,27/08/2025
60799572,41029639,27/08/2025
60799542,41030666,27/08/2025
60799422,41028486,27/08/2025
60799335,41028624,27/08/2025
60799335,41028624,27/08/2025
60799301,41028882,27/08/2025
60799300,41031930,27/08/2025
60799256,41030981,27/08/2025
60799253,41028607,27/08/2025
60799065,41028292,27/08/2025
60799012,41044361,27/08/2025
60799012,41044361,27/08/2025
60798882,41027945,27/08/2025
60798421,41027170,27/08/2025
60797851,41027493,27/08/2025
60797810,41026107,27/08/2025
60797765,41026730,27/08/2025
60797751,41025921,27/08/2025
60797744,41042892,27/08/2025
60797744,41042892,27/08/2025
60797744,41042892,27/08/2025
60797734,41025409,27/08/2025
60797703,41025375,27/08/2025
60797690,41025376,27/08/2025
60797610,41026521,27/08/2025
60797607,41025377,27/08/2025
60797607,41025377,27/08/2025
60797607,41025377,27/08/2025
60797607,41025377,27/08/2025
60797607,41025377,27/08/2025
60797607,41025377,27/08/2025
60797607,41025377,27/08/2025
60797607,41025377,27/08/2025
60797590,41025245,27/08/2025
60797572,41025374,27/08/2025
60797512,41024921,27/08/2025
60797320,41028113,27/08/2025
60797320,41028113,27/08/2025
60797320,41028113,27/08/2025
60797320,41028113,27/08/2025
60797320,41028113,27/08/2025
60797320,41028113,27/08/2025
60797186,41024925,27/08/2025
60797179,41024924,27/08/2025
60797179,41024924,27/08/2025
60797049,41024341,27/08/2025
60797004,41024226,27/08/2025
60796930,41024064,27/08/2025
60796849,41024062,27/08/2025
60796849,41024062,27/08/2025
60796849,41024062,27/08/2025
60796776,41025560,27/08/2025
60796709,41024227,27/08/2025
60796277,41023051,27/08/2025
60796238,41028254,27/08/2025
60796238,41028254,27/08/2025
60796139,41022592,27/08/2025
60796135,41023723,27/08/2025
60796135,41023723,27/08/2025
60796089,41023041,27/08/2025
60795979,41022254,27/08/2025
60795902,41022222,27/08/2025
60795897,41022000,27/08/2025
60795808,41028112,27/08/2025
60795756,41023039,27/08/2025
60795663,41023263,27/08/2025
60795663,41023263,27/08/2025
60795663,41023263,27/08/2025
60795663,41023263,27/08/2025
60795663,41023263,27/08/2025
60795588,41021389,27/08/2025
60795498,41021697,27/08/2025
60795378,41021457,27/08/2025
60795326,41024048,27/08/2025
60795255,41021925,27/08/2025
60795163,41024342,27/08/2025
60795117,41021699,27/08/2025
60794546,41019859,27/08/2025
60794431,41021414,27/08/2025
60794431,41021414,27/08/2025
60794340,41019539,27/08/2025
60794286,41019540,27/08/2025
60794171,41018882,27/08/2025
60793890,41020834,27/08/2025
60793452,41020487,27/08/2025
60793449,41017842,27/08/2025
60793449,41017842,27/08/2025
60793447,41017840,27/08/2025
60793444,41017836,27/08/2025
60793441,41017841,27/08/2025
60793439,41017835,27/08/2025
60793436,41017834,27/08/2025
60793432,41017837,27/08/2025
60793382,41018923,27/08/2025
60793343,41017518,27/08/2025
60793279,41021907,27/08/2025
60793279,41021907,27/08/2025
60793259,41019558,27/08/2025
60793259,41019558,27/08/2025
60793259,41019558,27/08/2025
60793259,41019558,27/08/2025
60793244,41017309,27/08/2025
60793163,41017187,27/08/2025
60793163,41017187,27/08/2025
60793107,41017166,27/08/2025
60793107,41017166,27/08/2025
60793107,41017166,27/08/2025
60793106,41017304,27/08/2025
60793028,41016634,27/08/2025
60792992,41016996,27/08/2025
60792992,41016996,27/08/2025
60792992,41017163,27/08/2025
60792992,41016996,27/08/2025
60792992,41016996,27/08/2025
60792992,41016996,27/08/2025
60792508,41017817,27/08/2025
60792496,41015900,27/08/2025
60792310,41016087,27/08/2025
60792268,41015485,27/08/2025
60792263,41016399,27/08/2025
60792136,41015445,27/08/2025
60792090,41015161,27/08/2025
60791762,41016299,27/08/2025
60791697,41017361,27/08/2025
60791386,41014775,27/08/2025
60791315,41013850,27/08/2025
60791112,41017410,27/08/2025
60791081,41016028,27/08/2025
60790686,41013016,27/08/2025
60790661,41013036,27/08/2025
60790612,41022733,27/08/2025
60790542,41012886,27/08/2025
60790537,41012882,27/08/2025
60790483,41012524,27/08/2025
60790443,41012530,27/08/2025
60790436,41012701,27/08/2025
60790302,41012380,27/08/2025
60790159,41013248,27/08/2025
60790073,41011525,27/08/2025
60790073,41011525,27/08/2025
60789929,41012757,27/08/2025
60789833,41010787,27/08/2025
60789716,41013106,27/08/2025
60789677,41010786,27/08/2025
60789519,41013480,27/08/2025
60789514,41013476,27/08/2025
60789514,41013476,27/08/2025
60789386,41010568,27/08/2025
60789367,41010788,27/08/2025
60789367,41010788,27/08/2025
60789367,41010788,27/08/2025
60789367,41010788,27/08/2025
60789367,41010788,27/08/2025
60789197,41011145,27/08/2025
60788870,41011191,27/08/2025
60788769,41011532,27/08/2025
60788737,41012571,27/08/2025
60788375,41010603,27/08/2025
60788368,41010562,27/08/2025
60788362,41010420,27/08/2025
60788259,41008071,27/08/2025
60788186,41008313,27/08/2025
60788158,41008184,27/08/2025
60787905,41007678,27/08/2025
60787905,41007678,27/08/2025
60787905,41007678,27/08/2025
60787905,41007678,27/08/2025
60787812,41008422,27/08/2025
60787568,41006823,27/08/2025
60787454,41007287,27/08/2025
60787414,41009538,27/08/2025
60787310,41008440,27/08/2025
60787310,41008440,27/08/2025
60787106,41006463,27/08/2025
60786979,41005831,27/08/2025
60786979,41005831,27/08/2025
60786979,41005831,27/08/2025
60786808,41007030,27/08/2025
60786789,41005357,27/08/2025
60786756,41007186,27/08/2025
60786748,41005837,27/08/2025
60786744,41005834,27/08/2025
60786742,41005748,27/08/2025
60786638,41005488,27/08/2025
60786590,41005380,27/08/2025
60786411,41008118,27/08/2025
60786411,41008118,27/08/2025
60786235,41004683,27/08/2025
60786065,41007408,27/08/2025
60786043,41020287,27/08/2025
60785960,41004731,27/08/2025
60785948,41003933,27/08/2025
60785948,41003933,27/08/2025
60785948,41003933,27/08/2025
60785948,41003933,27/08/2025
60785709,41004697,27/08/2025
60785709,41004697,27/08/2025
60785694,41010423,27/08/2025
60785667,41004906,27/08/2025
60785665,41004914,27/08/2025
60785629,41004198,27/08/2025
60785625,41003940,27/08/2025
60785618,41005144,27/08/2025
60785618,41005144,27/08/2025
60785618,41005144,27/08/2025
60785618,41005144,27/08/2025
60785618,41005144,27/08/2025
60785537,41004986,27/08/2025
60785383,41003555,27/08/2025
60785182,41004970,27/08/2025
60785121,41003544,27/08/2025
60785113,41003592,27/08/2025
60784975,41020610,27/08/2025
60784716,41003191,27/08/2025
60784716,41003191,27/08/2025
60784483,41001832,27/08/2025
60784483,41001832,27/08/2025
60784483,41001832,27/08/2025
60784402,41003048,27/08/2025
60784202,41000955,27/08/2025
60784202,41000955,27/08/2025
60784169,41003044,27/08/2025
60784169,41003044,27/08/2025
60784153,41000954,27/08/2025
60784123,41002190,27/08/2025
60784123,41002190,27/08/2025
60784096,41001044,27/08/2025
60783879,41000390,27/08/2025
60783853,41003514,27/08/2025
60783783,41001942,27/08/2025
60783682,41001805,27/08/2025
60783494,40999874,27/08/2025
60783287,41001905,27/08/2025
60783177,41001696,27/08/2025
60782802,41022413,27/08/2025
60782802,41022413,27/08/2025
60782745,40998306,27/08/2025
60782745,40998306,27/08/2025
60782745,40998306,27/08/2025
60782745,40998306,27/08/2025
60782745,40998306,27/08/2025
60782739,40998905,27/08/2025
60782662,40998022,27/08/2025
60782662,40998022,27/08/2025
60782648,40998462,27/08/2025
60782567,40997911,27/08/2025
60782548,40998525,27/08/2025
60782301,40998622,27/08/2025
60782301,40998622,27/08/2025
60782301,40998622,27/08/2025
60782063,40997040,27/08/2025
60781685,40996323,27/08/2025
60781685,40996323,27/08/2025
60781685,40996323,27/08/2025
60781685,40996323,27/08/2025
60781685,40996323,27/08/2025
60781685,40996323,27/08/2025
60781685,40996323,27/08/2025
60781685,40996323,27/08/2025
60781685,40996323,27/08/2025
60781685,40996323,27/08/2025
60781685,40996323,27/08/2025
60781685,40996323,27/08/2025
60781558,40995985,27/08/2025
60781558,40995985,27/08/2025
60781558,40995985,27/08/2025
60781558,40995985,27/08/2025
60781558,40995985,27/08/2025
60781558,40995985,27/08/2025
60781558,40995985,27/08/2025
60781558,40995985,27/08/2025
60781035,40997117,27/08/2025
60780875,40994852,27/08/2025
60780813,40995141,27/08/2025
60780804,41002035,27/08/2025
60780775,40994699,27/08/2025
60780765,40995638,27/08/2025
60780627,40994534,27/08/2025
60780607,40994529,27/08/2025
60780527,40994784,27/08/2025
60780473,40994553,27/08/2025
60780467,40994527,27/08/2025
60780467,40994527,27/08/2025
60780467,40994527,27/08/2025
60780467,40994527,27/08/2025
60780467,40994527,27/08/2025
60780467,40994527,27/08/2025
60780443,40994697,27/08/2025
60780410,40994471,27/08/2025
60780410,40994471,27/08/2025
60780372,40994238,27/08/2025
60780284,40994224,27/08/2025
60780281,40994218,27/08/2025
60780187,40994246,27/08/2025
60779975,40996097,27/08/2025
60779955,40993728,27/08/2025
60779943,40993877,27/08/2025
60779837,40993385,27/08/2025
60779482,40992943,27/08/2025
60779465,40992929,27/08/2025
60779409,40992928,27/08/2025
60779347,40993581,27/08/2025
60779333,40992473,27/08/2025
60779311,40992472,27/08/2025
60779228,40992461,27/08/2025
60779102,40992117,27/08/2025
60779074,40991999,27/08/2025
60779035,40991803,27/08/2025
60779016,40991805,27/08/2025
60778983,40992311,27/08/2025
60778850,40991736,27/08/2025
60778845,40991862,27/08/2025
60778800,40991768,27/08/2025
60778788,40991633,27/08/2025
60778757,40991632,27/08/2025
60778754,40991631,27/08/2025
60778587,40991987,27/08/2025
60778582,40991447,27/08/2025
60778315,40990828,27/08/2025
60778291,40992932,27/08/2025
60778291,40992932,27/08/2025
60778228,40990456,27/08/2025
60778228,40990456,27/08/2025
60778228,40990456,27/08/2025
60778228,40990456,27/08/2025
60778201,40990581,27/08/2025
60778201,40990581,27/08/2025
60778198,40990579,27/08/2025
60778194,40990565,27/08/2025
60778194,40990565,27/08/2025
60778189,40990564,27/08/2025
60778174,40990567,27/08/2025
60778174,40990567,27/08/2025
60778174,40990567,27/08/2025
60778174,40990567,27/08/2025
60778174,40990567,27/08/2025
60778174,40990567,27/08/2025
60778132,40990455,27/08/2025
60778132,40990455,27/08/2025
60778132,40990455,27/08/2025
60778127,40990632,27/08/2025
60778114,40990737,27/08/2025
60778102,40991630,27/08/2025
60778099,40990398,27/08/2025
60778061,40990582,27/08/2025
60778055,40990473,27/08/2025
60778055,40990473,27/08/2025
60778055,40990473,27/08/2025
60778055,40990473,27/08/2025
60778055,40990473,27/08/2025
60778055,40990473,27/08/2025
60778055,40990473,27/08/2025
60778009,40990522,27/08/2025
60777800,40989909,27/08/2025
60777509,40989352,27/08/2025
60777509,40989352,27/08/2025
60777502,40989351,27/08/2025
60777493,40989361,27/08/2025
60777488,40990788,27/08/2025
60777483,40990580,27/08/2025
60777476,40990575,27/08/2025
60777470,40990566,27/08/2025
60777414,40989360,27/08/2025
60777399,40989359,27/08/2025
60777389,40989358,27/08/2025
60777377,40989357,27/08/2025
60777253,40991342,27/08/2025
60777251,40989350,27/08/2025
60777217,40989348,27/08/2025
60777217,40989353,27/08/2025
60777217,40989353,27/08/2025
60777206,40989349,27/08/2025
60777095,40988777,27/08/2025
60777095,40988777,27/08/2025
60777067,40988750,27/08/2025
60777067,40988520,27/08/2025
60776932,40989138,27/08/2025
60776932,40989138,27/08/2025
60776840,40988359,27/08/2025
60776831,40989083,27/08/2025
60776820,40988358,27/08/2025
60776802,40989265,27/08/2025
60776799,40989087,27/08/2025
60776799,40989087,27/08/2025
60776799,40989087,27/08/2025
60776749,40989248,27/08/2025
60776663,40988356,27/08/2025
60776638,40989086,27/08/2025
60776638,40989086,27/08/2025
60776629,40989908,27/08/2025
60776605,40988052,27/08/2025
60776565,40989236,27/08/2025
60776565,40989236,27/08/2025
60776565,40989236,27/08/2025
60776475,40987612,27/08/2025
60776469,40987599,27/08/2025
60776453,40987822,27/08/2025
60776446,40993054,27/08/2025
60776443,40990399,27/08/2025
60776423,40988228,27/08/2025
60776423,40988228,27/08/2025
60776407,40989532,27/08/2025
60776407,40989532,27/08/2025
60776407,40989532,27/08/2025
60776407,40989532,27/08/2025
60776407,40989532,27/08/2025
60776356,40988218,27/08/2025
60776276,40987911,27/08/2025
60776211,40988084,27/08/2025
60776139,40987825,27/08/2025
60776139,40987825,27/08/2025
60776132,40988302,27/08/2025
60776126,40988226,27/08/2025
60776118,40987813,27/08/2025
60776043,40987139,27/08/2025
60776034,40987254,27/08/2025
60775860,40989092,27/08/2025
60775859,40986583,27/08/2025
60775840,40989185,27/08/2025
60775831,40987823,27/08/2025
60775808,40987134,27/08/2025
60775797,40988357,27/08/2025
60775763,40986514,27/08/2025
60775754,40986728,27/08/2025
60775711,40988010,27/08/2025
60775706,40989245,27/08/2025
60775690,40986584,27/08/2025
60775690,40986584,27/08/2025
60775690,40986584,27/08/2025
60775669,40987690,27/08/2025
60775669,40987690,27/08/2025
60775669,40987690,27/08/2025
60775669,40987690,27/08/2025
60775669,40987690,27/08/2025
60775669,40987690,27/08/2025
60775669,40987690,27/08/2025
60775669,40987690,27/08/2025
60775669,40987690,27/08/2025
60775669,40987690,27/08/2025
60775669,40987690,27/08/2025
60775669,40987690,27/08/2025
60775669,40987690,27/08/2025
60775669,40987690,27/08/2025
60775628,40987741,27/08/2025
60775628,40987741,27/08/2025
60775624,40986729,27/08/2025
60775579,40987654,27/08/2025
60775575,40989244,27/08/2025
60775574,40986069,27/08/2025
60775569,40990110,27/08/2025
60775385,40986173,27/08/2025
60775305,40986472,27/08/2025
60775291,40987742,27/08/2025
60775150,40985344,27/08/2025
60775150,40985345,27/08/2025
60774968,40986499,27/08/2025
60774968,40986499,27/08/2025
60774968,40986499,27/08/2025
60774968,40986499,27/08/2025
60774968,40986499,27/08/2025
60774968,40986499,27/08/2025
60774968,40986499,27/08/2025
60774968,40986499,27/08/2025
60774968,40986499,27/08/2025
60774882,40988729,27/08/2025
60774871,40985222,27/08/2025
60774816,40985957,27/08/2025
60774782,40988770,27/08/2025
60774649,40989230,27/08/2025
60774640,40984576,27/08/2025
60774572,40985286,27/08/2025
60774528,40985287,27/08/2025
60774512,40984553,27/08/2025
60774358,40984695,27/08/2025
60774355,40984638,27/08/2025
60774349,40986734,27/08/2025
60774310,40984734,27/08/2025
60774214,40984564,27/08/2025
60774214,40984564,27/08/2025
60774214,40984564,27/08/2025
60774178,40984901,27/08/2025
60774095,40986471,27/08/2025
60773762,40983142,27/08/2025
60773759,40983481,27/08/2025
60773612,40983141,27/08/2025
60773555,40983108,27/08/2025
60773555,40983108,27/08/2025
60773555,40983108,27/08/2025
60773555,40983108,27/08/2025
60773550,40987079,27/08/2025
60773550,40987079,27/08/2025
60773550,40987079,27/08/2025
60773531,40982846,27/08/2025
60773531,40982846,27/08/2025
60773524,40983095,27/08/2025
60773440,40982373,27/08/2025
60773391,40982901,27/08/2025
60773311,40982302,27/08/2025
60773307,40984379,27/08/2025
60773307,40984379,27/08/2025
60773307,40984379,27/08/2025
60773307,40984379,27/08/2025
60773307,40984379,27/08/2025
60773252,40983127,27/08/2025
60773189,40983640,27/08/2025
60773189,40983640,27/08/2025
60773189,40983640,27/08/2025
60773189,40983640,27/08/2025
60773189,40983640,27/08/2025
60773189,40983640,27/08/2025
60773189,40983640,27/08/2025
60772973,40982426,27/08/2025
60772973,40982426,27/08/2025
60772934,40987033,27/08/2025
60772933,40991751,27/08/2025
60772930,40981765,27/08/2025
60772905,40983657,27/08/2025
60772784,40981373,27/08/2025
60772784,40981373,27/08/2025
60772784,40981373,27/08/2025
60772784,40981373,27/08/2025
60772784,40981373,27/08/2025
60772784,40981373,27/08/2025
60772771,40985220,27/08/2025
60772693,40981690,27/08/2025
60772585,40982575,27/08/2025
60772585,40982575,27/08/2025
60772585,40982575,27/08/2025
60772585,40982575,27/08/2025
60772551,40992958,27/08/2025
60772470,40987011,27/08/2025
60772398,40980546,27/08/2025
60772383,40980859,27/08/2025
60772360,40981031,27/08/2025
60772288,40980856,27/08/2025
60772258,40980858,27/08/2025
60772237,40985285,27/08/2025
60772118,40980590,27/08/2025
60772118,40980590,27/08/2025
60772118,40980590,27/08/2025
60772118,40980590,27/08/2025
60772012,40980857,27/08/2025
60771801,40982300,27/08/2025
60771801,40982300,27/08/2025
60771735,40979598,27/08/2025
60771733,40982299,27/08/2025
60771733,40982299,27/08/2025
60771728,40979771,27/08/2025
60771584,40983274,27/08/2025
60771584,40983274,27/08/2025
60771584,40983274,27/08/2025
60771572,40979594,27/08/2025
60771531,40980499,27/08/2025
60771362,40979967,27/08/2025
60771362,40979967,27/08/2025
60771362,40979967,27/08/2025
60771362,40979967,27/08/2025
60771362,40979967,27/08/2025
60771362,40979967,27/08/2025
60771362,40979967,27/08/2025
60771362,40979967,27/08/2025
60771362,40979967,27/08/2025
60771361,40979595,27/08/2025
60771300,40978778,27/08/2025
60771296,40978777,27/08/2025
60771294,40978775,27/08/2025
60771245,40987941,27/08/2025
60771245,40987941,27/08/2025
60771095,40979066,27/08/2025
60771095,40979066,27/08/2025
60771095,40979066,27/08/2025
60771095,40979066,27/08/2025
60771095,40979066,27/08/2025
60771095,40979066,27/08/2025
60771095,40979066,27/08/2025
60771006,40980245,27/08/2025
60770971,40978258,27/08/2025
60770950,40979290,27/08/2025
60770950,40979290,27/08/2025
60770907,40978748,27/08/2025
60770857,40978261,27/08/2025
60770855,40978260,27/08/2025
60770832,40978300,27/08/2025
60770761,40977834,27/08/2025
60770756,40978256,27/08/2025
60770632,40989347,27/08/2025
60770539,40977815,27/08/2025
60770456,40982757,27/08/2025
60770396,40978779,27/08/2025
60770287,40977546,27/08/2025
60770287,40977546,27/08/2025
60770146,40976880,27/08/2025
60770139,40989691,27/08/2025
60770078,40977298,27/08/2025
60770078,40977298,27/08/2025
60770034,40976566,27/08/2025
60769907,40978257,27/08/2025
60769849,40984406,27/08/2025
60769817,40982796,27/08/2025
60769748,40976248,27/08/2025
60769748,40976248,27/08/2025
60769748,40976248,27/08/2025
60769701,40983798,27/08/2025
60769655,40975953,27/08/2025
60769650,40975952,27/08/2025
60769600,40976568,27/08/2025
60769600,40976568,27/08/2025
60769576,40975818,27/08/2025
60769522,40975547,27/08/2025
60769518,40975546,27/08/2025
60769143,40975815,27/08/2025
60769024,40975817,27/08/2025
60769018,40975816,27/08/2025
60768988,40975059,27/08/2025
60768979,40975057,27/08/2025
60768971,40984631,27/08/2025
60768971,40984631,27/08/2025
60768969,40984629,27/08/2025
60768963,40975054,27/08/2025
60768945,40987399,27/08/2025
60768859,40974263,27/08/2025
60768749,40974310,27/08/2025
60768598,40974275,27/08/2025
60768598,40974275,27/08/2025
60768547,40976006,27/08/2025
60768547,40976006,27/08/2025
60768536,40975359,27/08/2025
60768526,40973964,27/08/2025
60768489,40975150,27/08/2025
60768345,40976253,27/08/2025
60768344,40977765,27/08/2025
60768343,40973963,27/08/2025
60768341,40992244,27/08/2025
60768339,40974274,27/08/2025
60768338,40974269,27/08/2025
60768337,40973962,27/08/2025
60768336,40973953,27/08/2025
60768334,40973952,27/08/2025
60768332,40973951,27/08/2025
60768288,40974265,27/08/2025
60768195,40974262,27/08/2025
60768195,40973354,27/08/2025
60768195,40973354,27/08/2025
60768195,40973354,27/08/2025
60768195,40973354,27/08/2025
60768111,40973366,27/08/2025
60767749,40985284,27/08/2025
60767745,40972946,27/08/2025
60767743,40973024,27/08/2025
60767737,40973950,27/08/2025
60767735,40975053,27/08/2025
60767729,40972945,27/08/2025
60767700,40985282,27/08/2025
60767645,40985280,27/08/2025
60767627,40973967,27/08/2025
60767627,40973967,27/08/2025
60767603,40972631,27/08/2025
60767603,40972631,27/08/2025
60767570,40973643,27/08/2025
60767570,40973643,27/08/2025
60767570,40973643,27/08/2025
60767570,40973643,27/08/2025
60767570,40973643,27/08/2025
60767523,40972831,27/08/2025
60767523,40972831,27/08/2025
60767518,40972148,27/08/2025
60767511,40985278,27/08/2025
60767504,40976544,27/08/2025
60767504,40976544,27/08/2025
60767464,40972596,27/08/2025
60767405,40972794,27/08/2025
60767405,40972794,27/08/2025
60767396,40974264,27/08/2025
60767368,40976284,27/08/2025
60767354,40972474,27/08/2025
60767340,40972166,27/08/2025
60767329,40972165,27/08/2025
60767326,40972627,27/08/2025
60767289,40972088,27/08/2025
60767269,40977829,27/08/2025
60767269,40977829,27/08/2025
60767125,40972207,27/08/2025
60766976,40972473,27/08/2025
60766969,40972056,27/08/2025
60766944,40972899,27/08/2025
60766757,40971850,27/08/2025
60766642,40971393,27/08/2025
60766637,40971392,27/08/2025
60766593,40971047,27/08/2025
60766526,40975813,27/08/2025
60766260,40970562,27/08/2025
60766236,40971743,27/08/2025
60766236,40971743,27/08/2025
60766141,40970029,27/08/2025
60766072,40970564,27/08/2025
60766013,40971391,27/08/2025
60765937,40970369,27/08/2025
60765894,40969887,27/08/2025
60765894,40969887,27/08/2025
60765774,40971747,27/08/2025
60765256,40970979,27/08/2025
60765186,40969938,27/08/2025
60765088,40977254,27/08/2025
60765084,40970607,27/08/2025
60765033,40973204,27/08/2025
60765009,40968161,27/08/2025
60765009,40968161,27/08/2025
60764809,40968307,27/08/2025
60764809,40968307,27/08/2025
60764809,40968307,27/08/2025
60764809,40968307,27/08/2025
60764809,40968307,27/08/2025
60764809,40968307,27/08/2025
60764809,40968307,27/08/2025
60764809,40968307,27/08/2025
60764809,40968307,27/08/2025
60764621,40968002,27/08/2025
60764621,40968002,27/08/2025
60764621,40968002,27/08/2025
60764407,40968928,27/08/2025
60764378,40967737,27/08/2025
60763898,40966790,27/08/2025
60763877,40967021,27/08/2025
60763870,40967006,27/08/2025
60763867,40967022,27/08/2025
60763817,40967140,27/08/2025
60763795,40966792,27/08/2025
60763757,40969008,27/08/2025
60763732,40969551,27/08/2025
60763732,40969551,27/08/2025
60763719,40967124,27/08/2025
60763519,40965924,27/08/2025
60763434,40966793,27/08/2025
60763373,40967171,27/08/2025
60763369,40967174,27/08/2025
60763203,40965701,27/08/2025
60763203,40965701,27/08/2025
60763120,40965206,27/08/2025
60763042,40966496,27/08/2025
60762829,40965035,27/08/2025
60762804,40965764,27/08/2025
60762804,40965764,27/08/2025
60762804,40965764,27/08/2025
60762804,40965764,27/08/2025
60762804,40965764,27/08/2025
60762789,40965700,27/08/2025
60762789,40965700,27/08/2025
60762789,40965700,27/08/2025
60762748,40965775,27/08/2025
60762679,40965774,27/08/2025
60762408,40963784,27/08/2025
60762233,40964617,27/08/2025
60762229,40964616,27/08/2025
60762006,40969554,27/08/2025
60761988,40964200,27/08/2025
60761988,40964200,27/08/2025
60761982,40965142,27/08/2025
60761758,40963543,27/08/2025
60761758,40963543,27/08/2025
60761758,40963543,27/08/2025
60761758,40963543,27/08/2025
60761758,40963543,27/08/2025
60761758,40963543,27/08/2025
60761758,40963543,27/08/2025
60761758,40963544,27/08/2025
60761758,40963543,27/08/2025
60761758,40963543,27/08/2025
60761758,40963844,27/08/2025
60761758,40963543,27/08/2025
60761758,40963543,27/08/2025
60761758,40963543,27/08/2025
60761758,40963543,27/08/2025
60761696,40963416,27/08/2025
60761688,40962630,27/08/2025
60761491,40962034,27/08/2025
60761448,40972087,27/08/2025
60761414,40962033,27/08/2025
60761408,40967125,27/08/2025
60761399,40962032,27/08/2025
